mu,rep,method,k_true,k_hat,NMI,ARI,runtime
0.1,0,Greedy,19,,0.89257646043171,0.7638979723662982,5.34997820854187
0.1,0,Infomap,19,,1.0,1.0,0.5426442623138428
0.1,0,LPA,19,,1.0,1.0,0.0771341323852539
0.1,0,Leiden,19,,1.0,1.0,0.2090260982513427
0.1,0,Louvain,19,,1.0,1.0,0.4396965503692627
0.1,0,N2V+KM,19,,1.0,1.0,140.13978385925293
0.1,0,PHSCD,19,19.0,1.0,1.0,176.27557492256165
0.1,0,Spectral,19,,1.0,1.0,1.0261197090148926
0.1,1,Greedy,21,,0.8925228130501053,0.7448649005082217,7.551823616027832
0.1,1,Infomap,21,,1.0,1.0,0.5820956230163574
0.1,1,LPA,21,,1.0,1.0,0.1645994186401367
0.1,1,Leiden,21,,1.0,1.0,0.7231948375701904
0.1,1,Louvain,21,,1.0,1.0,0.3492217063903808
0.1,1,N2V+KM,21,,1.0,1.0,159.18281936645508
0.1,1,PHSCD,21,21.0,1.0,1.0,184.99524116516116
0.1,1,Spectral,21,,1.0,1.0,1.7429640293121338
0.1,2,Greedy,22,,0.9118244841311977,0.7648538628341555,9.418089628219604
0.1,2,Infomap,22,,1.0,1.0,0.9045794010162354
0.1,2,LPA,22,,1.0,1.0,0.1597406864166259
0.1,2,Leiden,22,,1.0,1.0,0.6261699199676514
0.1,2,Louvain,22,,1.0,1.0,0.9258384704589844
0.1,2,N2V+KM,22,,1.0,1.0,134.26719212532043
0.1,2,PHSCD,22,22.0,1.0,1.0,132.97999811172485
0.1,2,Spectral,22,,1.0,1.0,1.1871919631958008
0.2,0,Greedy,19,,0.7360979073882675,0.4846121746387773,9.93390703201294
0.2,0,Infomap,19,,1.0,1.0,0.5934145450592041
0.2,0,LPA,19,,1.0,1.0,0.3297648429870605
0.2,0,Leiden,19,,1.0,1.0,0.3288819789886474
0.2,0,Louvain,19,,1.0,1.0,0.8067028522491455
0.2,0,N2V+KM,19,,0.9982079190633892,0.9977618144029046,71.50624537467957
0.2,0,PHSCD,19,19.0,1.0,1.0,37.95614647865296
0.2,0,Spectral,19,,0.996382336680336,0.9953653317550206,1.691570520401001
0.2,1,Greedy,21,,0.7453436255651695,0.5019487824309115,2.3341708183288574
0.2,1,Infomap,21,,1.0,1.0,0.21346116065979
0.2,1,LPA,21,,1.0,1.0,0.0420167446136474
0.2,1,Leiden,21,,0.9941152295267192,0.9881397149650188,0.0998318195343017
0.2,1,Louvain,21,,0.9941152295267192,0.9881397149650188,0.1485302448272705
0.2,1,N2V+KM,21,,0.9831111754692624,0.9430890836732536,47.77253556251526
0.2,1,PHSCD,21,21.0,1.0,1.0,71.611492395401
0.2,1,Spectral,21,,1.0,1.0,0.2216236591339111
0.2,2,Greedy,22,,0.7186236875353881,0.4554520175020239,5.895900726318359
0.2,2,Infomap,22,,0.998420692965218,0.9982086918717769,0.5253255367279053
0.2,2,LPA,22,,1.0,1.0,0.1194996833801269
0.2,2,Leiden,22,,0.998420692965218,0.9982086918717769,0.2091586589813232
0.2,2,Louvain,22,,0.998420692965218,0.9982086918717769,0.4541318416595459
0.2,2,N2V+KM,22,,0.9724883215924056,0.9573083158149708,67.60769963264465
0.2,2,PHSCD,22,22.0,0.998420692965218,0.9982086918717769,78.76051115989685
0.2,2,Spectral,22,,1.0,1.0,0.3322391510009765
0.3,0,Greedy,19,,0.6166887661902131,0.3506151518461338,8.381550550460815
0.3,0,Infomap,19,,0.9914311565645798,0.988675446151813,0.678884744644165
0.3,0,LPA,19,,0.9707659574652364,0.9505673548904208,0.1021137237548828
0.3,0,Leiden,19,,0.979228087358024,0.9546360144832696,0.2473931312561035
0.3,0,Louvain,19,,0.9805901073374742,0.9567000271502532,0.4299616813659668
0.3,0,N2V+KM,19,,0.9857048079516992,0.9800631110682836,58.5285267829895
0.3,0,PHSCD,19,19.0,0.9913790100921864,0.9881237949931632,33.32747459411621
0.3,0,Spectral,19,,0.9821758942752924,0.975624643077415,0.3784284591674804
0.3,1,Greedy,21,,0.5941392306737923,0.2780301327860533,3.479025363922119
0.3,1,Infomap,21,,0.9947142031665244,0.9919596823473672,0.2458267211914062
0.3,1,LPA,21,,0.9692597502582634,0.9185883066715133,0.0447385311126709
0.3,1,Leiden,21,,0.987464208702844,0.9796295830281996,0.1147413253784179
0.3,1,Louvain,21,,0.9720559618114591,0.9484152531697572,0.1645712852478027
0.3,1,N2V+KM,21,,0.96821642050039,0.9373772228774376,30.23915147781372
0.3,1,PHSCD,21,21.0,0.9967885331071524,0.9962891921535808,74.05478262901306
0.3,1,Spectral,21,,0.9882232959013584,0.984553519221604,0.2633764743804931
0.3,2,Greedy,22,,0.5406984711156335,0.248162006907301,9.58943009376526
0.3,2,Infomap,22,,0.993818475192808,0.9907871892658402,0.6193521022796631
0.3,2,LPA,22,,0.9882052470357916,0.982567865477758,0.0993223190307617
0.3,2,Leiden,22,,0.9853963771616724,0.9760922785963208,0.2606732845306396
0.3,2,Louvain,22,,0.9853963771616724,0.9760922785963208,0.330294132232666
0.3,2,N2V+KM,22,,0.9870274768128168,0.983135459313913,70.24110817909241
0.3,2,PHSCD,22,22.0,0.992095289167638,0.9879739537336693,73.0915937423706
0.3,2,Spectral,22,,0.9917069235414668,0.9884805969552132,0.8773646354675293
0.4,0,Greedy,19,,0.383531524176502,0.2056945183608302,10.66296935081482
0.4,0,Infomap,19,,0.8673239369385812,0.8449524237815763,0.9312989711761476
0.4,0,LPA,19,,0.0,0.0,0.1424477100372314
0.4,0,Leiden,19,,0.8162866648951518,0.73294248125437,0.3118183612823486
0.4,0,Louvain,19,,0.8064603517692421,0.722821963113478,0.9810240268707277
0.4,0,N2V+KM,19,,0.7934617913198709,0.7545976435852664,61.0905556678772
0.4,0,PHSCD,19,19.0,0.9069412466626084,0.8927286085027347,82.39764070510864
0.4,0,Spectral,19,,0.8636024559996862,0.8265874535004172,0.4909350872039795
0.4,1,Greedy,21,,0.41475240497261,0.1735055672903143,10.016178131103516
0.4,1,Infomap,21,,0.9374592503760388,0.9046132775262872,0.7856597900390625
0.4,1,LPA,21,,0.0,0.0,0.107034683227539
0.4,1,Leiden,21,,0.9185621428116064,0.874867513738202,0.2438633441925048
0.4,1,Louvain,21,,0.8788129050662347,0.7687838208714387,0.5884692668914795
0.4,1,N2V+KM,21,,0.8723409061817876,0.8119731509091078,68.52994227409363
0.4,1,PHSCD,21,21.0,0.9428599457355824,0.9147376475164004,94.2466847896576
0.4,1,Spectral,21,,0.936628194860244,0.907955373041694,0.5583605766296387
0.4,2,Greedy,22,,0.4066933089071216,0.1728486219693634,10.153730154037476
0.4,2,Infomap,22,,0.9183243297687368,0.8900323039911182,0.749798059463501
0.4,2,LPA,22,,0.0,0.0,0.08298921585083
0.4,2,Leiden,22,,0.8863565248899926,0.8217860585447221,0.3332362174987793
0.4,2,Louvain,22,,0.8938236568393855,0.8542861928018806,0.4880974292755127
0.4,2,N2V+KM,22,,0.86408077995253,0.8109706822168099,67.19962477684021
0.4,2,PHSCD,22,22.0,0.923613079141812,0.8985228878300509,74.66413927078247
0.4,2,Spectral,22,,0.913460427186681,0.8842810287474223,0.9066131114959716
0.5,0,Greedy,19,,0.1975476386031711,0.0859195826782714,10.710790395736694
0.5,0,Infomap,19,,0.0,0.0,0.7506601810455322
0.5,0,LPA,19,,0.0,0.0,0.1074166297912597
0.5,0,Leiden,19,,0.4618073248720951,0.3016429571296488,0.351994514465332
0.5,0,Louvain,19,,0.4671919877783761,0.3098457403392813,0.8794999122619629
0.5,0,N2V+KM,19,,0.3894375354462189,0.2037090992930949,59.36808395385742
0.5,0,PHSCD,19,19.0,0.5926084386773842,0.4749481152706299,138.0980257987976
0.5,0,Spectral,19,,0.5302134389727544,0.3683886963639923,0.5008912086486816
0.5,1,Greedy,21,,0.1888005377922179,0.0679624917538992,11.324030637741089
0.5,1,Infomap,21,,0.0,0.0,0.7387259006500244
0.5,1,LPA,21,,0.0,0.0,0.0702323913574218
0.5,1,Leiden,21,,0.5194748397776636,0.3546328860047591,0.3311717510223388
0.5,1,Louvain,21,,0.4849395538574257,0.3167576975567625,0.7036280632019043
0.5,1,N2V+KM,21,,0.4532497545694058,0.2803104079461527,61.11448359489441
0.5,1,PHSCD,21,21.0,0.6512785236732714,0.5361124964879003,127.28518319129944
0.5,1,Spectral,21,,0.5813576423285128,0.4106629960751062,0.63934326171875
0.5,2,Greedy,22,,0.1787717121100903,0.0626911154522963,9.81120538711548
0.5,2,Infomap,22,,0.0,0.0,0.727653980255127
0.5,2,LPA,22,,0.0,0.0,0.0671198368072509
0.5,2,Leiden,22,,0.5020104226089812,0.3488083886957913,0.3210873603820801
0.5,2,Louvain,22,,0.4816305319791908,0.3388634351405874,0.7530961036682129
0.5,2,N2V+KM,22,,0.4493136941325284,0.3039035729514929,58.56935453414917
0.5,2,PHSCD,22,22.0,0.6836273903185281,0.5925421796978951,122.49618530273438
0.5,2,Spectral,22,,0.558928521051647,0.4026950285151269,1.136467695236206
0.6,0,Greedy,19,,0.0821899624959289,0.0213508272054561,11.020304441452026
0.6,0,Infomap,19,,0.0,0.0,0.7987823486328125
0.6,0,LPA,19,,0.0,0.0,0.0937862396240234
0.6,0,Leiden,19,,0.1582302741445797,0.0590833519620534,0.357797622680664
0.6,0,Louvain,19,,0.1240842984176695,0.039952810719547,0.8980717658996582
0.6,0,N2V+KM,19,,0.1411086946612311,0.0300358875820534,58.31804895401001
0.6,0,PHSCD,19,19.0,0.2415302511917131,0.1048706217367138,113.99903225898744
0.6,0,Spectral,19,,0.2092654600397955,0.0669808949358339,0.6006214618682861
0.6,1,Greedy,21,,0.0768665372080715,0.0174520925997216,4.3057732582092285
0.6,1,Infomap,21,,0.0,0.0,0.3097529411315918
0.6,1,LPA,21,,0.0,0.0,0.0438024997711181
0.6,1,Leiden,21,,0.1923294540739366,0.0767795635861889,0.1686952114105224
0.6,1,Louvain,21,,0.1586143647158389,0.049406022154899,0.3549871444702148
0.6,1,N2V+KM,21,,0.1926575626032181,0.051715365618605,29.859689950942997
0.6,1,PHSCD,21,21.0,0.3079038677708449,0.146080879149228,53.07090353965759
0.6,1,Spectral,21,,0.2075794289945512,0.0610899641787878,0.3868346214294433
0.6,2,Greedy,22,,0.0914957160026097,0.0306853259662994,4.138098955154419
0.6,2,Infomap,22,,0.0,0.0,0.2887759208679199
0.6,2,LPA,22,,0.0,0.0,0.0291423797607421
0.6,2,Leiden,22,,0.1455701426063494,0.0504012755327309,0.1779243946075439
0.6,2,Louvain,22,,0.1767685306885696,0.0883707631737879,0.3978261947631836
0.6,2,N2V+KM,22,,0.2036898188353044,0.0685858965416977,29.805098295211792
0.6,2,PHSCD,22,22.0,0.2750488101854554,0.1656187232077127,53.07869172096253
0.6,2,Spectral,22,,0.227767772105133,0.0951920280338079,0.3910109996795654
0.7,0,Greedy,19,,0.0374728260579394,0.0059658278969442,3.95
0.7,0,Infomap,19,,0.0,0.0,0.28
0.7,0,LPA,19,,0.0,0.0,0.03
0.7,0,Leiden,19,,0.0521212875653646,0.0053265267598466,0.18
0.7,0,Louvain,19,,0.0448749721611023,0.0042364985169519,0.37
0.7,0,N2V+KM,19,,0.0831148156115809,0.0055736467449025,42.13
0.7,0,PHSCD,19,19.0,0.124670996384328,0.0262167828837801,219.83
0.7,0,Spectral,19,,0.100670656169786,0.0123262019836452,0.43
0.7,1,Greedy,21,,0.0548407482725113,0.0072563368476932,14.8
0.7,1,Infomap,21,,0.0,0.0,0.99
0.7,1,LPA,21,,0.0,0.0,0.11
0.7,1,Leiden,21,,0.0730424236023045,0.0098493737647735,0.62
0.7,1,Louvain,21,,0.0720198725631707,0.0091259706484633,1.5
0.7,1,N2V+KM,21,,0.1081615994704332,0.0107773974285981,103.12
0.7,1,PHSCD,21,21.0,0.1356651777473858,0.031161469531703,206.92
0.7,1,Spectral,21,,0.1133186649067341,0.0139608503008384,1.71
0.7,2,Greedy,22,,0.03830327183792,0.0065332681336392,9.67
0.7,2,Infomap,22,,0.0,0.0,1.05
0.7,2,LPA,22,,0.0,0.0,0.07
0.7,2,Leiden,22,,0.0582082101509537,0.0109188562518667,0.53
0.7,2,Louvain,22,,0.07300475963439,0.0077078636824385,1.04
0.7,2,N2V+KM,22,,0.0983411182976605,0.0058834180200404,66.58
0.7,2,PHSCD,22,22.0,0.1335307554577484,0.0260611697669428,134.45
0.7,2,Spectral,22,,0.1072476615938527,0.0093278399650902,0.63
